{
  "__meta__": {
    "n_cases": 170,
    "n_contacts": 133,
    "pseudocount": 0.5
  },
  "log_odds": {
    "ALA_A": 0.17059839232203536,
    "ALA_U": -0.15436376265496016,
    "ALA_G": 1.0125335460897842,
    "ALA_C": 0.3086082136875857,
    "ARG_A": 0.0262084829868607,
    "ARG_U": 0.1866731551801069,
    "ARG_G": 0.8681436367546094,
    "ARG_C": -0.48785839222728217,
    "ASN_A": 0.38877856237156877,
    "ASN_U": -1.035719266156341,
    "ASN_G": 1.2307137161393173,
    "ASN_C": 1.7491808050735669,
    "ASP_A": 1.6111709837080173,
    "ASP_U": 1.7716356559012632,
    "ASP_G": 2.4531061374757654,
    "ASP_C": 2.971573226410015,
    "CYS_A": 1.6111709837080173,
    "CYS_U": 1.7716356559012632,
    "CYS_G": 2.4531061374757654,
    "CYS_C": 2.971573226410015,
    "GLN_A": 1.080656267009237,
    "GLN_U": -0.3438415615186732,
    "GLN_G": -1.2473335806653267,
    "GLN_C": 0.8560960089900788,
    "GLU_A": 0.38877856237156877,
    "GLU_U": 1.2862088287310212,
    "GLU_G": -0.3542487845818388,
    "GLU_C": 0.1642183043524107,
    "GLY_A": -0.4163097527140903,
    "GLY_U": 0.1311780425884031,
    "GLY_G": 0.18461730154986347,
    "GLY_C": 1.1505433674553343,
    "HIS_A": 0.8226750889017286,
    "HIS_U": -0.8913293568211664,
    "HIS_G": 1.0125335460897842,
    "HIS_C": -1.2763542870335707,
    "ILE_A": -0.26329813420812404,
    "ILE_U": 0.6341321321513281,
    "ILE_G": -1.0063254811615316,
    "ILE_C": 1.83406970266008,
    "LEU_A": 0.23265936045428703,
    "LEU_U": 0.8785508598177748,
    "LEU_G": -1.2473335806653267,
    "LEU_C": 0.8560960089900788,
    "LYS_A": 0.02620848298686101,
    "LYS_U": 0.5492432345648152,
    "LYS_G": 0.38271680958436755,
    "LYS_C": 0.16421830435241097,
    "MET_A": 0.026208482986860383,
    "MET_U": 1.771635655901263,
    "MET_G": 0.8681436367546093,
    "MET_C": 1.3866107256888587,
    "MSE_A": 1.6111709837080173,
    "MSE_U": 1.7716356559012632,
    "MSE_G": 2.4531061374757654,
    "MSE_C": 2.971573226410015,
    "PHE_A": 0.8226750889017286,
    "PHE_U": -0.15436376265496016,
    "PHE_G": 0.5271067189195423,
    "PHE_C": -1.2763542870335707,
    "PRO_A": 1.6111709837080168,
    "PRO_U": 0.1866731551801066,
    "PRO_G": 0.8681436367546093,
    "PRO_C": 1.3866107256888587,
    "SER_A": 0.473667459958082,
    "SER_U": -1.6877959627360344,
    "SER_G": 1.3156026137258305,
    "SER_C": 1.0971041084938737,
    "THR_A": -0.7107571111793454,
    "THR_U": 1.7716356559012632,
    "THR_G": 0.1311780425884031,
    "THR_C": 0.6496451315226527,
    "TRP_A": 1.6111709837080173,
    "TRP_U": 1.7716356559012632,
    "TRP_G": 2.4531061374757654,
    "TRP_C": 2.971573226410015,
    "TYR_A": 0.3410818203402728,
    "TYR_U": 0.5015464925335186,
    "TYR_G": -0.097090945084714,
    "TYR_C": -0.8010162774869124,
    "VAL_A": -0.7107571111793454,
    "VAL_U": 1.0346700617350568,
    "VAL_G": 0.1311780425884031,
    "VAL_C": 2.234607632243809
  }
}